sr_no,timestamp,age_group,gender,education,career_goal_clarity,career_field,career_path,confidence,understanding,important_skills,skill_rating,participation,improvement_freq,challenge,guidance_source,readiness,suggestions,age_clean
1,12/08/2026 19:33:33,18–20,Female,Undergraduate Student,"Yes, I have a clearly defined career goal",Information Technology / Computer Science,Private-sector employment,3,Very well,"Technical / Job-specific skills, Communication skills, Problem-solving skills, Leadership skills, Teamwork / Collaboration, Time management, Analytical / Critical thinking, Digital skills, Adaptability / Flexibility",4,"Yes, multiple times",Daily,"Lack of required skills, Lack of practical experience, Lack of confidence, High competition","Teachers / Professors, Parents / Family, Friends / Peers, Career Counsellors, Websites / Career Portals, Social Media, Industry Professionals",3,,18-20
2,12/08/2026 19:41:40,18–20,Female,Undergraduate Student,I am still exploring different career options,Media / Design / Creative Field,Higher Education,3,Very well,"Technical / Job-specific skills, Communication skills, Problem-solving skills, Leadership skills, Teamwork / Collaboration, Time management, Analytical / Critical thinking, Digital skills, Adaptability / Flexibility",5,"Yes, once",Rarely,"Lack of required skills, Lack of career guidance, Lack of practical experience, Financial limitations, Lack of confidence, Uncertainty about career choice, High competition, Lack of suitable opportunities, Lack of time, Time management is I'm facing problem a lot","Teachers / Professors, Parents / Family",5,Make a plan stick to it,18-20
3,12/08/2026 19:57:37,18–20,Female,Undergraduate Student,"Yes, I have a clearly defined career goal",Information Technology / Computer Science,Government employment,4,Very well,"Technical / Job-specific skills, Problem-solving skills, Leadership skills, Teamwork / Collaboration, Analytical / Critical thinking",3,"Yes, once",Weekly,Lack of suitable opportunities,Industry Professionals,4,improve skills,18-20
4,12/08/2026 21:47:27,18–20,Female,Undergraduate Student,"No, I have not decided yet",Information Technology / Computer Science,Private-sector employment,3,Well,"Technical / Job-specific skills, Communication skills, Analytical / Critical thinking, Digital skills",3,"Yes, multiple times",Daily,"Lack of required skills, Lack of career guidance, Lack of practical experience, Financial limitations, Lack of confidence","Teachers / Professors, Parents / Family, Social Media",4,"Students should focus on building practical skills along with academic knowledge. Internships, projects, certifications, communication skills, and regular career guidance can help students understand industry requirements. Colleges should also provide more opportunities for hands-on experience, networking, resume building, and interview preparation. Most importantly, students should set clear goals and consistently work on improving their skills.",18-20
5,13/08/2026 11:07:17,18–20,Female,Undergraduate Student,I have a general idea about my career goal,Information Technology / Computer Science,Higher Education,3,Well,"Technical / Job-specific skills, Communication skills, Problem-solving skills, Time management, Analytical / Critical thinking, Digital skills",3,Currently participating,Several times a week,"Lack of required skills, Financial limitations, High competition, Lack of suitable opportunities","Career Counsellors, Online Courses / Learning Platforms, Websites / Career Portals",4,,18-20
6,13/08/2026 17:13:46,18–20,Female,Undergraduate Student,"Yes, I have a clearly defined career goal",Information Technology / Computer Science,Private-sector employment,4,Very well,"Technical / Job-specific skills, Problem-solving skills, Leadership skills, Teamwork / Collaboration, Time management, Analytical / Critical thinking",3,"Yes, once",Several times a week,"Lack of practical experience, High competition, Lack of suitable opportunities","Teachers / Professors, Friends / Peers, Online Courses / Learning Platforms, Websites / Career Portals",3,"Students would benefit from more practical career guidance, internships, industry exposure, skill-based workshops, resume/LinkedIn training, mock interviews and mentorship from professionals",18-20
7,13/08/2026 18:25:01,53,Male,Professional/Technical Course,"Yes, I have a clearly defined career goal",Government / Public Sector,Freelancing / Self-employment,5,Very well,Problem-solving skills,5,"Yes, multiple times",Daily,High competition,Social Media,3,No,Above 26
8,14/08/2026 18:25:01,24–26,Male,Undergraduate Student,"Yes, I have a clearly defined career goal",Research / Science,Higher Education,5,Very well,"Communication skills, Leadership skills, Time management, Analytical / Critical thinking, Digital skills",5,"Yes, multiple times",Daily,Lack of time,Industry Professionals,4,"Do what you like adapt technology, don't be in comfort zone.",24-26
9,13/08/2026 18:27:53,21–23,Female,Professional/Technical Course,I have a general idea about my career goal,Fashion designing,Entrepreneurship / Starting a Business,3,Well,Time management,4,Currently participating,Daily,Lack of practical experience,Social Media,3,,21-23
10,13/08/2026 18:33:52,21–23,Male,Professional/Technical Course,"Yes, I have a clearly defined career goal",Engineering,Higher Education,5,Moderately,Time management,5,Currently participating,Weekly,Lack of confidence,Parents / Family,5,,21-23
11,13/08/2026 19:01:13,21–23,Female,Undergraduate Student,I have a general idea about my career goal,Information Technology / Computer Science,Private-sector employment,5,Very well,Technical / Job-specific skills,2,"Yes, once",Daily,Uncertainty about career choice,Teachers / Professors,4,,21-23
12,13/08/2026 19:27:28,21–23,Female,Undergraduate Student,I have a general idea about my career goal,Information Technology / Computer Science,Government employment,4,Well,"Technical / Job-specific skills, Communication skills, Problem-solving skills, Leadership skills, Teamwork / Collaboration, Time management, Analytical / Critical thinking, Digital skills, Adaptability / Flexibility",3,"Yes, multiple times",Weekly,"Lack of required skills, Lack of career guidance, Uncertainty about career choice, High competition","Teachers / Professors, Parents / Family, Friends / Peers, Career Counsellors",3,"More practical training, industry exposure, internships, and career guidance would help students become more job-ready. Workshops on communication skills, resume building, interviews, and technical skills would also help students achieve their future career goals.",21-23
13,13/08/2026 20:41:12,Above 26,Female,Postgraduate Student,"Yes, I have a clearly defined career goal",Healthcare / Medical,Government employment,4,Very well,"Technical / Job-specific skills, Communication skills, Problem-solving skills, Leadership skills, Analytical / Critical thinking",4,"Yes, multiple times",Daily,Lack of time,"Online Courses / Learning Platforms, Industry Professionals",4,No,Above 26
14,15/08/2026 13:28:21,18–20,Male,Undergraduate Student,I have a general idea about my career goal,Information Technology / Computer Science,Private-sector employment,3,Moderately,"Technical / Job-specific skills, Problem-solving skills, Leadership skills, Teamwork / Collaboration, Digital skills",3,"Yes, once",Weekly,"Lack of required skills, Lack of practical experience, Lack of confidence","Teachers / Professors, Online Courses / Learning Platforms, Websites / Career Portals, Social Media",3,"To improve career readiness and reach future goals, students should build practical job skills through internships, network actively with industry professionals, and sharpen soft skills like communication",18-20
15,15/08/2026 13:29:32,21–23,Female,Undergraduate Student,"Yes, I have a clearly defined career goal",Information Technology / Computer Science,Higher Education,5,Very well,"Technical / Job-specific skills, Communication skills, Problem-solving skills, Analytical / Critical thinking, Adaptability / Flexibility",5,"Yes, multiple times",Several times a week,"Lack of required skills, Lack of practical experience, Lack of confidence","Friends / Peers, Career Counsellors, Websites / Career Portals, Industry Professionals",5,Build strong professional network,21-23
16,15/08/2026 13:29:41,18–20,Female,Undergraduate Student,I have a general idea about my career goal,Government / Public Sector,Private-sector employment,3,Moderately,Leadership skills,3,Currently participating,Occasionally,Lack of career guidance,"Teachers / Professors, Online Courses / Learning Platforms",3,No,18-20
17,15/08/2026 13:32:35,18–20,Female,Undergraduate Student,I have a general idea about my career goal,Information Technology / Computer Science,Private-sector employment,3,Moderately,Technical / Job-specific skills,3,Currently participating,Occasionally,Lack of practical experience,Teachers / Professors,3,No,18-20
18,15/08/2026 13:34:02,21–23,Female,Undergraduate Student,"Yes, I have a clearly defined career goal",Information Technology / Computer Science,Private-sector employment,5,Very well,"Technical / Job-specific skills, Communication skills, Problem-solving skills, Leadership skills, Teamwork / Collaboration",4,"Yes, multiple times",Several times a week,Lack of required skills,"Teachers / Professors, Parents / Family, Online Courses / Learning Platforms",5,,21-23
19,15/08/2026 13:35:22,18–20,Female,Undergraduate Student,I have a general idea about my career goal,Information Technology / Computer Science,Private-sector employment,3,Slightly,"Communication skills, Problem-solving skills, Teamwork / Collaboration, Time management",3,"Yes, once",Rarely,"Lack of required skills, Lack of career guidance, Financial limitations, High competition","Parents / Family, Career Counsellors, Social Media",3,"Students should focus on developing practical skills along with academic knowledge. Regular internships, industry exposure, communication skills, technical certifications, resume-building, and interview preparation can greatly improve career readiness. Colleges could also provide more placement opportunities, career guidance, workshops, and hands-on training to help students achieve their future goals.",18-20
20,15/08/2026 13:42:33,21–23,Female,Undergraduate Student,I am still exploring different career options,Business / Management,Private-sector employment,1,Very well,Technical / Job-specific skills,4,"Yes, multiple times",Weekly,Lack of career guidance,Parents / Family,4,No,21-23
21,15/08/2026 13:44:23,18–20,Female,Undergraduate Student,I have a general idea about my career goal,Information Technology / Computer Science,Higher Education,4,Very well,"Technical / Job-specific skills, Communication skills, Problem-solving skills, Leadership skills, Teamwork / Collaboration, Time management, Digital skills",3,"No, but I plan to",Weekly,"Lack of required skills, Lack of practical experience, High competition","Teachers / Professors, Parents / Family, Friends / Peers, Online Courses / Learning Platforms",5,,18-20
22,15/08/2026 13:45:40,18–20,Male,Undergraduate Student,"Yes, I have a clearly defined career goal",Content Creation,Entrepreneurship / Starting a Business,5,Very well,"Communication skills, Problem-solving skills",4,"Yes, multiple times",Daily,Lack of time,Learning by My own mistakes and understanding the algorithm,4,Get skilled,18-20
23,15/08/2026 13:57:11,Below 18,Female,Higher Secondary / 12th Grade,I have a general idea about my career goal,Engineering,Higher Education,3,Moderately,"Technical / Job-specific skills, Communication skills, Problem-solving skills, Leadership skills, Teamwork / Collaboration, Time management, Analytical / Critical thinking, Digital skills, Adaptability / Flexibility",3,"No, but I plan to",Occasionally,Uncertainty about career choice,"Teachers / Professors, Parents / Family, Online Courses / Learning Platforms",3,"Students should get proper career guidance, practical experience, and opportunities to develop important skills from an early stage.",Under 18
24,15/08/2026 14:00:03,21–23,Male,Undergraduate Student,"Yes, I have a clearly defined career goal",Information Technology / Computer Science,Private-sector employment,3,Very well,"Technical / Job-specific skills, Communication skills, Problem-solving skills, Leadership skills, Teamwork / Collaboration, Time management, Analytical / Critical thinking, Digital skills, Adaptability / Flexibility",2,"Yes, once",Occasionally,Procrastination,"Teachers / Professors, Social Media",3,"Students should get more practical experience, career guidance, internships, and opportunities to develop skills that match industry requirements.",21-23
25,15/08/2026 14:00:30,21–23,Female,Professional/Technical Course,"Yes, I have a clearly defined career goal",Information Technology / Computer Science,Private-sector employment,3,Well,Problem-solving skills,3,"Yes, once",Weekly,Lack of practical experience,Friends / Peers,2,,21-23
26,15/08/2026 14:08:11,18–20,Male,Undergraduate Student,"Yes, I have a clearly defined career goal",Business / Management,Government employment,5,Very well,"Communication skills, Problem-solving skills, Leadership skills, Teamwork / Collaboration, Time management, Analytical / Critical thinking",4,"Yes, multiple times",Daily,Lack of confidence,"Teachers / Professors, Parents / Family, Online Courses / Learning Platforms, Social Media",5,,18-20
27,15/08/2026 14:11:37,18–20,Female,Undergraduate Student,I have a general idea about my career goal,Engineering,Entrepreneurship / Starting a Business,3,Very well,"Communication skills, Problem-solving skills",3,"Yes, multiple times",Occasionally,"Financial limitations, Lack of confidence",Online Courses / Learning Platforms,3,,18-20
28,15/08/2026 14:11:48,21–23,Female,Undergraduate Student,"No, I have not decided yet",Information Technology / Computer Science,I am still undecided,2,Moderately,"Technical / Job-specific skills, Communication skills, Problem-solving skills, Time management",3,Currently participating,Rarely,"Lack of required skills, Lack of career guidance, Lack of practical experience, Financial limitations, Lack of confidence, Uncertainty about career choice, High competition, Lack of suitable opportunities","Teachers / Professors, Parents / Family, Friends / Peers, Career Counsellors",2,No,21-23
29,15/08/2026 14:23:22,18–20,Female,Undergraduate Student,"No, I have not decided yet",Information Technology / Computer Science,I am still undecided,1,Not at all,"Technical / Job-specific skills, Communication skills, Problem-solving skills, Leadership skills, Teamwork / Collaboration, Time management, Analytical / Critical thinking, Digital skills, Adaptability / Flexibility,",1,"No, I have not participated",Never,"Lack of required skills, Lack of career guidance, Lack of practical experience, Financial limitations, Lack of confidence, Uncertainty about career choice, High competition, Lack of suitable opportunities, Lack of time,","Teachers / Professors, Parents / Family, Friends / Peers, Career Counsellors, Online Courses / Learning Platforms, Websites / Career Portals, Social Media, Industry Professionals,",1,"Students can improve their career readiness through practical experience, proper guidance, skill-based learning, and regular exposure to real industry opportunities.",18-20
30,15/08/2026 14:24:23,18–20,Female,Undergraduate Student,I have a general idea about my career goal,Information Technology / Computer Science,I am still undecided,5,Well,"Technical / Job-specific skills, Communication skills, Leadership skills, Teamwork / Collaboration",3,"Yes, once",Daily,"Lack of required skills, Lack of practical experience","Teachers / Professors, Online Courses / Learning Platforms, Social Media",3,,18-20
31,15/08/2026 14:30:12,18–20,Male,Undergraduate Student,"Yes, I have a clearly defined career goal",Information Technology / Computer Science,Entrepreneurship / Starting a Business,5,Well,"Technical / Job-specific skills, Communication skills, Problem-solving skills, Leadership skills, Teamwork / Collaboration, Time management, Adaptability / Flexibility",4,"Yes, once",Weekly,"Lack of practical experience, Financial limitations, Lack of confidence, Lack of suitable opportunities","Teachers / Professors, Websites / Career Portals, Social Media",5,,18-20
32,15/08/2026 14:41:31,21–23,Female,Graduate,"No, I have not decided yet",Government / Public Sector,Government employment,4,Well,"Communication skills, Problem-solving skills, Leadership skills, Teamwork / Collaboration, Time management, Analytical / Critical thinking, Digital skills, Adaptability / Flexibility",4,"Yes, multiple times",Daily,"Lack of career guidance, Financial limitations, Uncertainty about career choice, High competition, Lack of time","Teachers / Professors, Friends / Peers, Career Counsellors, Online Courses / Learning Platforms",4,Just focus on your goal and stay on it,21-23
33,15/08/2026 14:51:16,18–20,Female,Undergraduate Student,"No, I have not decided yet",Information Technology / Computer Science,I am still undecided,2,Moderately,Time management,2,"No, I have not participated",Rarely,Lack of practical experience,"Teachers / Professors, Online Courses / Learning Platforms",2,,18-20
34,15/08/2026 14:57:02,18–20,Female,Undergraduate Student,"Yes, I have a clearly defined career goal",Information Technology / Computer Science,Higher Education,4,Very well,"Technical / Job-specific skills, Communication skills, Problem-solving skills, Leadership skills, Teamwork / Collaboration, Time management, Analytical / Critical thinking, Digital skills",3,"Yes, once",Weekly,"Lack of required skills, Lack of career guidance, High competition","Teachers / Professors, Parents / Family, Friends / Peers, Career Counsellors, Social Media",3,,18-20
35,15/08/2026 15:57:21,18–20,Female,Undergraduate Student,"Yes, I have a clearly defined career goal",Information Technology / Computer Science,Private-sector employment,4,Well,"Technical / Job-specific skills, Communication skills, Problem-solving skills, Leadership skills, Time management, Analytical / Critical thinking, Digital skills, Adaptability / Flexibility",4,"Yes, once",Several times a week,"Lack of required skills, Lack of career guidance, Lack of practical experience","Teachers / Professors, Parents / Family, Friends / Peers",4,"Yes. Students can improve career readiness by focusing on practical skills along with academic knowledge. Colleges should provide more internships, industry exposure, career guidance, workshops, resume-building sessions, interview practice, and opportunities to develop communication, teamwork, problem-solving, and technical skills. Students should also set clear goals, build a strong resume and portfolio, learn continuously, and stay updated with industry trends. Mentorship from teachers and professionals can also help students understand career opportunities and make better decisions.",18-20
36,15/08/2026 16:01:05,21–23,Female,Undergraduate Student,"Yes, I have a clearly defined career goal",Business / Management,Higher Education,5,Well,"Technical / Job-specific skills, Communication skills, Problem-solving skills, Leadership skills, Teamwork / Collaboration, Time management, Analytical / Critical thinking, Digital skills, Adaptability / Flexibility",4,"Yes, once",Several times a week,"Lack of required skills, Lack of practical experience, Financial limitations","Teachers / Professors, Parents / Family, Friends / Peers",3,First set goals and start taking actions over it instead of thinking.,21-23
37,15/08/2026 17:02:21,18–20,Female,Higher Secondary / 12th Grade,I am still exploring different career options,Media / Design / Creative Field,I am still undecided,5,Well,Time management,3,"No, I have not participated",Daily,Financial limitations,"Parents / Family, Social Media",2,,18-20
38,15/08/2026 17:35:14,18–20,Male,Undergraduate Student,"Yes, I have a clearly defined career goal",Defence,Government employment,4,Very well,"Communication skills, Problem-solving skills, Leadership skills, Time management, Analytical / Critical thinking",2,"Yes, once",Occasionally,Lack of required skills,"Parents / Family, Social Media",3,,18-20
39,15/08/2026 18:15:11,18–20,Female,Undergraduate Student,I have a general idea about my career goal,Information Technology / Computer Science,Private-sector employment,4,Well,"Technical / Job-specific skills, Communication skills, Problem-solving skills, Leadership skills, Teamwork / Collaboration, Time management",4,"Yes, multiple times",Several times a week,"Lack of required skills, Lack of career guidance, Lack of confidence, Lack of suitable opportunities","Teachers / Professors, Parents / Family, Friends / Peers, Online Courses / Learning Platforms, Websites / Career Portals, Social Media",4,"Students should focus on practical skills, internships, communication, and real-world projects to become career-ready.",18-20
40,15/08/2026 18:19:28,18–20,Female,Undergraduate Student,"No, I have not decided yet",Information Technology / Computer Science,I am still undecided,2,Very well,"Technical / Job-specific skills, Communication skills, Problem-solving skills, Leadership skills, Teamwork / Collaboration, Time management, Analytical / Critical thinking, Digital skills, Adaptability / Flexibility",2,"Yes, once",Weekly,"Lack of required skills, Lack of career guidance, Lack of practical experience, Financial limitations, Lack of confidence, Uncertainty about career choice, High competition, Lack of suitable opportunities, Lack of time","Teachers / Professors, Parents / Family, Friends / Peers, Career Counsellors, Online Courses / Learning Platforms, Websites / Career Portals, Social Media, Industry Professionals",4,,18-20
41,15/08/2026 20:35:44,18–20,Male,Undergraduate Student,"Yes, I have a clearly defined career goal",Information Technology / Computer Science,Government employment,5,Very well,"Technical / Job-specific skills, Communication skills, Problem-solving skills, Leadership skills, Teamwork / Collaboration, Time management, Analytical / Critical thinking, Digital skills, Adaptability / Flexibility",3,"Yes, once",Rarely,"Lack of required skills, Lack of career guidance, Lack of practical experience, Financial limitations, Lack of suitable opportunities, Lack of time","Teachers / Professors, Parents / Family, Friends / Peers, Online Courses / Learning Platforms",2,,18-20
42,15/08/2026 21:15:32,18–20,Male,Undergraduate Student,I am still exploring different career options,Information Technology / Computer Science,Entrepreneurship / Starting a Business,2,Moderately,"Technical / Job-specific skills, Communication skills, Problem-solving skills, Leadership skills, Teamwork / Collaboration, Time management, Analytical / Critical thinking, Digital skills, Adaptability / Flexibility",3,Currently participating,Occasionally,Lack of practical experience,Teachers / Professors,3,do the thing what you want to do,18-20
43,15/08/2026 22:00:43,18–20,Female,Undergraduate Student,I have a general idea about my career goal,Information Technology / Computer Science,Private-sector employment,4,Well,"Technical / Job-specific skills, Communication skills, Teamwork / Collaboration, Time management, Adaptability / Flexibility",3,"Yes, multiple times",Weekly,"Lack of practical experience, Lack of confidence, Uncertainty about career choice, High competition","Teachers / Professors, Online Courses / Learning Platforms, Social Media",3,,18-20
44,15/08/2026 22:23:45,18–20,Female,Undergraduate Student,"Yes, I have a clearly defined career goal",Government / Public Sector,Government employment,5,Very well,"Technical / Job-specific skills, Communication skills, Leadership skills",4,"Yes, once",Daily,High competition,Parents / Family,5,,18-20
45,16/08/2026 08:27:59,21–23,Male,Professional/Technical Course,"Yes, I have a clearly defined career goal",Engineering,Private-sector employment,2,Moderately,"Leadership skills, Analytical / Critical thinking",4,Currently participating,Occasionally,"Lack of career guidance, High competition","Parents / Family, Career Counsellors",4,,21-23
46,16/08/2026 11:07:09,21–23,Male,Postgraduate Student,"Yes, I have a clearly defined career goal",Information Technology / Computer Science,Internship / Professional Training,5,Very well,Technical / Job-specific skills,5,"No, but I plan to",Daily,Financial limitations,"Teachers / Professors, Friends / Peers, Online Courses / Learning Platforms, Social Media",4,,21-23
47,16/08/2026 12:35:04,21–23,Male,Undergraduate Student,"Yes, I have a clearly defined career goal",Information Technology / Computer Science,Entrepreneurship / Starting a Business,3,Moderately,"Communication skills, Leadership skills, Teamwork / Collaboration, Time management",3,"Yes, once",Several times a week,"Lack of career guidance, Lack of suitable opportunities",.,3,,21-23
48,16/08/2026 20:38:13,18–20,Male,Undergraduate Student,"Yes, I have a clearly defined career goal",Government / Public Sector,Government employment,2,Very well,"Problem-solving skills, Leadership skills",5,"Yes, multiple times",Daily,"Financial limitations, Lack of suitable opportunities","Teachers / Professors, Parents / Family",5,"Yes, they exist, but in very small numbers.",18-20
49,17/08/2026 11:01:50,18–20,Male,Undergraduate,I have a general idea about my career goal,Information Technology / Computer Science,Private-sector employment,4,Well,"Technical / Job-specific skills, Communication skills, Problem-solving skills, Leadership skills, Teamwork / Collaboration",4,"Yes, once",Several times a week,"Lack of practical experience, Lack of confidence",Teachers / Professors,4,No,18-20
50,17/08/2026 19:25:19,18–20,Female,Undergraduate,I have a general idea about my career goal,Business / Management,Government employment,4,Moderately,"Communication skills, Problem-solving skills, Leadership skills, Teamwork / Collaboration, Time management",4,"No, but I plan to",Several times a week,"Lack of practical experience, High competition, Lack of suitable opportunities","Websites / Career Portals, Social Media, Industry Professionals",4,Believe in self confidence,18-20
51,17/08/2026 19:29:42,18–20,Male,Undergraduate,"Yes, I have a clearly defined career goal",Defence,Government employment,5,Very well,Leadership skills,4,"Yes, once",Several times a week,Lack of practical experience,Teachers / Professors,4,,18-20
52,17/08/2026 19:31:47,Below 18,Male,Undergraduate,"Yes, I have a clearly defined career goal",Information Technology / Computer Science,Government employment,5,Very well,"Technical / Job-specific skills, Communication skills, Problem-solving skills, Leadership skills, Teamwork / Collaboration, Time management, Analytical / Critical thinking, Digital skills, Adaptability / Flexibility",3,"No, but I plan to",Several times a week,"Lack of required skills, Lack of career guidance, Lack of practical experience, Financial limitations","Friends / Peers, Online Courses / Learning Platforms, Websites / Career Portals, Social Media",5,....,Under 18
53,17/08/2026 19:36:48,18–20,Female,Undergraduate,"No, I have not decided yet",Information Technology / Computer Science,Government employment,2,Moderately,Communication skills,3,"No, but I plan to",Weekly,Lack of practical experience,"Teachers / Professors, Parents / Family",2,We are doing it our carrier process,18-20
54,17/08/2026 19:40:13,Below 18,Male,Undergraduate,"No, I have not decided yet",Information Technology / Computer Science,Government employment,1,Well,Technical / Job-specific skills,1,"Yes, once",Occasionally,High competition,Teachers / Professors,5,I am not decide to future plans,Under 18
55,17/08/2026 19:45:02,18–20,Male,Undergraduate,I am still exploring different career options,Information Technology / Computer Science,Private-sector employment,3,Moderately,"Technical / Job-specific skills, Communication skills, Problem-solving skills, Leadership skills, Time management",3,"No, but I plan to",Several times a week,"Lack of required skills, Lack of practical experience, Lack of confidence, High competition","Teachers / Professors, Parents / Family, Friends / Peers, Career Counsellors, Online Courses / Learning Platforms, Websites / Career Portals",3,,18-20
56,17/08/2026 19:54:33,18–20,Male,Undergraduate,"Yes, I have a clearly defined career goal",Information Technology / Computer Science,Government employment,4,Moderately,"Technical / Job-specific skills, Communication skills, Problem-solving skills, Leadership skills, Teamwork / Collaboration, Time management, Analytical / Critical thinking, Digital skills, Adaptability / Flexibility",4,"Yes, once",Weekly,"Financial limitations, Uncertainty about career choice, High competition",Teachers / Professors,5,,18-20
57,17/08/2026 22:04:21,Below 18,Female,Undergraduate,I am still exploring different career options,Media / Design / Creative Field,Higher Education,5,Very well,Communication skills,4,"No, but I plan to",Daily,Lack of career guidance,Parents / Family,4,No,Under 18
58,18/08/2026 07:27:08,18–20,Male,Higher Secondary / 12th Grade,"Yes, I have a clearly defined career goal",Government / Public Sector,Government employment,5,Well,All of the above,4,"No, but I plan to",Daily,"Lack of career guidance, Lack of time","Social Media, Industry Professionals",4,There is nothing impossible in life there is just lack of self confidence,18-20
59,18/08/2026 07:49:49,Below 18,Female,Graduate,I have a general idea about my career goal,Business / Management,Government employment,3,Well,"Communication skills, Teamwork / Collaboration, Time management",3,"Yes, once",Several times a week,"Lack of required skills, Lack of career guidance, Lack of confidence",Parents / Family,3,,Under 18
60,18/08/2026 09:57:24,Above 26,Female,Graduate,"Yes, I have a clearly defined career goal",Finance / Banking,Entrepreneurship / Starting a Business,5,Very well,"Communication skills, Teamwork / Collaboration, Time management, Digital skills, Adaptability / Flexibility",4,"No, I have not participated",Several times a week,"Financial limitations, Lack of suitable opportunities","Career Counsellors, Online Courses / Learning Platforms",5,"Consistency,self belief and readiness to learn at every ups and downs in life",Above 26
61,18/08/2026 10:52:21,Above 26,Female,Postgraduate,"Yes, I have a clearly defined career goal",Business / Management,Entrepreneurship / Starting a Business,5,Very well,"Technical / Job-specific skills, Communication skills, Problem-solving skills, Leadership skills, Teamwork / Collaboration, Time management, Analytical / Critical thinking, Digital skills, Adaptability / Flexibility",5,"Yes, multiple times",Daily,Financial limitations,"Parents / Family, Friends / Peers, Career Counsellors, Online Courses / Learning Platforms, Websites / Career Portals, Social Media, Industry Professionals",5,,Above 26
62,18/08/2026 10:54:59,18–20,Male,Undergraduate,I have a general idea about my career goal,Media / Design / Creative Field,I am still undecided,5,Very well,"Communication skills, Time management",3,"Yes, once",Several times a week,"Lack of required skills, Lack of career guidance","Teachers / Professors, Friends / Peers, Social Media, Industry Professionals",4,,18-20
63,18/08/2026 10:55:15,Above 26,Female,Postgraduate,"Yes, I have a clearly defined career goal",Healthcare / Medical,Private-sector employment,5,Well,"Technical / Job-specific skills, Communication skills, Problem-solving skills, Leadership skills, Teamwork / Collaboration, Time management, Analytical / Critical thinking, Digital skills, Adaptability / Flexibility",4,"Yes, multiple times",Occasionally,"Lack of practical experience, High competition, Lack of time","Friends / Peers, Online Courses / Learning Platforms",4,"Students should focus on developing practical skills along with academic knowledge through internships, projects, and industry exposure. They should also improve communication skills, stay updated with industry trends",Above 26
64,18/08/2026 11:00:51,24–26,Male,Postgraduate,"Yes, I have a clearly defined career goal",Business / Management,Private-sector employment,5,Very well,"Technical / Job-specific skills, Communication skills, Problem-solving skills, Leadership skills, Teamwork / Collaboration, Time management, Analytical / Critical thinking, Digital skills, Adaptability / Flexibility",4,"Yes, multiple times",Several times a week,"High competition, Lack of time","Teachers / Professors, Friends / Peers",5,"Have atleast a clear idea about the target domain you want to enter into and acquire as many skills as possible, apart from that character is something that matters the most",24-26
65,18/08/2026 11:11:27,21–23,Male,Graduate,I have a general idea about my career goal,Business / Management,Higher Education,5,Very well,Digital skills,4,"No, but I plan to",Weekly,High competition,Parents / Family,3,Fainrgyd jsn,21-23
66,18/08/2026 11:14:06,18–20,Male,Undergraduate,I am still exploring different career options,Information Technology / Computer Science,I am still undecided,2,Very well,"Problem-solving skills, Teamwork / Collaboration, Time management",2,"No, but I plan to",Weekly,"Lack of practical experience, Lack of confidence, Lack of suitable opportunities, Lack of time","Teachers / Professors, Parents / Family, Friends / Peers",2,,18-20
67,18/08/2026 11:15:27,18–20,Female,Undergraduate,"Yes, I have a clearly defined career goal",Information Technology / Computer Science,Government employment,4,Well,"Technical / Job-specific skills, Communication skills, Problem-solving skills, Teamwork / Collaboration, Time management, Digital skills",3,"No, but I plan to",Daily,"Lack of practical experience, Financial limitations, High competition, Lack of time","Teachers / Professors, Parents / Family, Online Courses / Learning Platforms, Websites / Career Portals",4,"To improve career readiness, students should build practical skills through internships, network actively with industry professionals, and utilize campus career centers for resume reviews and mock interview.",18-20
68,18/08/2026 11:18:04,21–23,Female,Diploma Student,I have a general idea about my career goal,Healthcare / Medical,Higher Education,5,Very well,Communication skills,5,Currently participating,Daily,Lack of required skills,"Teachers / Professors, Parents / Family, Friends / Peers",5,,21-23
69,18/08/2026 11:23:35,24–26,Male,Graduate,"Yes, I have a clearly defined career goal",Information Technology / Computer Science,Private-sector employment,5,Very well,"Technical / Job-specific skills, Communication skills, Leadership skills",5,"Yes, once",Daily,Lack of practical experience,"Teachers / Professors, Online Courses / Learning Platforms",5,No,24-26
70,18/08/2026 11:27:51,18–20,Female,Undergraduate,"No, I have not decided yet",Information Technology / Computer Science,Private-sector employment,3,Moderately,"Communication skills, Problem-solving skills, Leadership skills, Teamwork / Collaboration, Time management",3,"Yes, once",Daily,Lack of practical experience,"Teachers / Professors, Parents / Family, Friends / Peers, Career Counsellors, Online Courses / Learning Platforms, Websites / Career Portals",3,,18-20
71,18/08/2026 11:38:54,18–20,Female,Undergraduate,I am still exploring different career options,"Finance, government, media",Government and higher education,4,Well,Communication skills,4,"Yes, multiple times",Several times a week,"Lack of practical experience, Financial limitations, High competition",Parents / Family,4,"To boost career readiness, students should gain practical experience through internships, build a strong professional network on platforms like LinkedIn, and continuously develop both technical and soft skills.",18-20
72,18/08/2026 11:43:10,21–23,Male,Graduate,"Yes, I have a clearly defined career goal",Business / Management,Entrepreneurship / Starting a Business,5,Moderately,"Communication skills, Problem-solving skills, Teamwork / Collaboration, Time management",3,Currently participating,Daily,"High competition, Lack of time",Industry Professionals,4,consistency and hard work matters,21-23
73,18/08/2026 12:11:23,40,Male,Professional/Technical Course,"Yes, I have a clearly defined career goal",Health & Safety,Private-sector employment,5,Very well,Technical / Job-specific skills,4,"Yes, multiple times",Weekly,Financial limitations,Online Courses / Learning Platforms,4,,Above 26
74,18/08/2026 12:17:25,18–20,Female,Undergraduate,I have a general idea about my career goal,Business / Management,Entrepreneurship / Starting a Business,4,Well,"Problem-solving skills, Teamwork / Collaboration, Time management",4,Currently participating,Several times a week,Lack of practical experience,Teachers / Professors,4,No,18-20
75,18/08/2026 12:21:17,18–20,Female,Undergraduate,"Yes, I have a clearly defined career goal",Finance / Banking,Entrepreneurship / Starting a Business,4,Moderately,"Communication skills, Leadership skills, Time management, Digital skills, Adaptability / Flexibility",3,"No, but I plan to",Weekly,"Lack of practical experience, Financial limitations","Teachers / Professors, Parents / Family",4,Yes,18-20
76,18/08/2026 13:15:07,Above 26,Male,Postgraduate,"Yes, I have a clearly defined career goal",Education / Teaching,Government employment,5,Very well,Problem-solving skills,5,"Yes, multiple times",Several times a week,Lack of career guidance,Online Courses / Learning Platforms,5,Ha,Above 26
77,18/08/2026 13:29:25,18–20,Male,Undergraduate,I am still exploring different career options,Information Technology / Computer Science,Entrepreneurship / Starting a Business,3,Moderately,"Problem-solving skills, Teamwork / Collaboration, Digital skills",3,Currently participating,Occasionally,"Lack of required skills, Lack of practical experience","Teachers / Professors, Career Counsellors, Websites / Career Portals",3,,18-20
78,18/08/2026 13:53:20,21–23,Female,Undergraduate,"Yes, I have a clearly defined career goal",Information Technology / Computer Science,Internship / Professional Training,4,Very well,"Technical / Job-specific skills, Communication skills, Problem-solving skills, Teamwork / Collaboration, Time management",3,"Yes, multiple times",Several times a week,"High competition, Lack of time","Teachers / Professors, Career Counsellors",3,,21-23
79,18/08/2026 13:56:13,18–20,Male,Undergraduate,"Yes, I have a clearly defined career goal",Engineering,Private-sector employment,5,Moderately,"Technical / Job-specific skills, Communication skills, Problem-solving skills, Leadership skills, Teamwork / Collaboration, Time management, Analytical / Critical thinking, Digital skills, Adaptability / Flexibility",4,"Yes, once",Daily,Lack of time,"Teachers / Professors, Parents / Family, Friends / Peers, Career Counsellors, Online Courses / Learning Platforms, Websites / Career Portals, Social Media, Industry Professionals",5,,18-20
80,18/08/2026 14:15:59,18–20,Female,Undergraduate,I have a general idea about my career goal,Information Technology / Computer Science,Higher Education,4,Well,"Technical / Job-specific skills, Communication skills, Problem-solving skills, Time management",4,"Yes, once",Occasionally,"Lack of required skills, Lack of career guidance, Lack of suitable opportunities, Lack of time","Teachers / Professors, Parents / Family, Friends / Peers",3,Proper guidance,18-20
81,18/08/2026 14:33:18,21–23,Female,Undergraduate,"Yes, I have a clearly defined career goal",Healthcare / Medical,Government employment,4,Very well,"Problem-solving skills, Leadership skills, Teamwork / Collaboration",3,"No, but I plan to",Daily,"Lack of required skills, Lack of career guidance, High competition","Career Counsellors, Online Courses / Learning Platforms, Websites / Career Portals, Social Media",4,,21-23
82,18/08/2026 14:43:23,24–26,Female,Undergraduate,"No, I have not decided yet",Finance / Banking,I am still undecided,4,Slightly,Time management,4,"Yes, once",Occasionally,Lack of confidence,"Parents / Family, Friends / Peers, Social Media",3,,24-26
83,18/08/2026 14:45:23,Above 26,Male,School,"Yes, I have a clearly defined career goal",Research / Science,I am still undecided,3,Very well,"Adaptability / Flexibility,",5,"No, I have not participated",Daily,Lack of time,"Teachers / Professors,",3,,Above 26
84,18/08/2026 14:47:36,Above 26,Male,Graduate,"Yes, I have a clearly defined career goal",Media / Design / Creative Field,Government employment,5,Very well,"Technical / Job-specific skills, Communication skills, Problem-solving skills, Leadership skills, Teamwork / Collaboration, Time management, Analytical / Critical thinking, Digital skills, Adaptability / Flexibility",3,"Yes, multiple times",Daily,Lack of required skills,Industry Professionals,5,Firstly Identity the self intrest,Above 26
85,18/08/2026 15:43:41,21–23,Female,Postgraduate,"Yes, I have a clearly defined career goal",Information Technology / Computer Science,Government employment,4,Well,"Communication skills, Problem-solving skills, Leadership skills, Teamwork / Collaboration, Time management",4,"Yes, once",Weekly,"Lack of career guidance, High competition","Career Counsellors, Online Courses / Learning Platforms, Websites / Career Portals, Industry Professionals",4,,21-23
86,18/08/2026 15:55:43,Above 26,Female,Postgraduate,"Yes, I have a clearly defined career goal",Healthcare / Medical,Not applicable,5,Very well,"Technical / Job-specific skills, Communication skills, Problem-solving skills, Leadership skills, Teamwork / Collaboration, Time management, Analytical / Critical thinking, Digital skills, Adaptability / Flexibility",5,"Yes, multiple times",Weekly,"Lack of suitable opportunities, Lack of time","Teachers / Professors, Parents / Family, Friends / Peers, Career Counsellors, Online Courses / Learning Platforms, Websites / Career Portals, Social Media, Industry Professionals",4,,Above 26
87,18/08/2026 16:04:42,Below 18,Male,School,"Yes, I have a clearly defined career goal",Media / Design / Creative Field,I am still undecided,3,Moderately,Analytical / Critical thinking,3,"No, I have not participated",Occasionally,"Lack of required skills, Lack of career guidance, Lack of practical experience, Lack of confidence, Uncertainty about career choice, High competition, Lack of suitable opportunities, Lack of time","Teachers / Professors, Parents / Family, Friends / Peers, Career Counsellors, Online Courses / Learning Platforms, Websites / Career Portals, Social Media, Industry Professionals",3,,Under 18
88,18/08/2026 16:07:24,40,Female,Professional/Technical Course,"Yes, I have a clearly defined career goal",Business / Management,Freelancing / Self-employment,5,Very well,"Technical / Job-specific skills, Teamwork / Collaboration, Time management, Adaptability / Flexibility",5,"Yes, multiple times",Daily,Nothing,"Teachers / Professors, Parents / Family, Social Media",5,,Above 26
89,18/08/2026 16:24:11,Above 26,Male,Postgraduate,"Yes, I have a clearly defined career goal",Engineering,Entrepreneurship / Starting a Business,5,Well,"Communication skills, Problem-solving skills, Leadership skills, Teamwork / Collaboration, Time management, Analytical / Critical thinking, Digital skills, Adaptability / Flexibility",4,"Yes, multiple times",Daily,Lack of time,Industry Professionals,5,,Above 26
90,18/08/2026 16:52:38,18–20,Female,Undergraduate,I have a general idea about my career goal,Information Technology / Computer Science,Private-sector employment,3,Moderately,"Technical / Job-specific skills, Communication skills, Problem-solving skills, Analytical / Critical thinking",3,"No, but I plan to",Weekly,"Lack of required skills, Lack of practical experience, High competition","Parents / Family, Career Counsellors, Industry Professionals",3,,18-20
91,18/08/2026 17:06:04,18–20,Female,Undergraduate,"Yes, I have a clearly defined career goal",Information Technology / Computer Science,Higher Education,4,Moderately,"Communication skills, Leadership skills, Time management",3,Currently participating,Occasionally,"Lack of confidence, Uncertainty about career choice, High competition, Lack of suitable opportunities","Friends / Peers, Websites / Career Portals",2,,18-20
92,18/08/2026 18:14:34,18–20,Female,Undergraduate,I am still exploring different career options,Life Sciences,Higher Education,3,Moderately,"Time management, Adaptability / Flexibility",3,"No, but I plan to",Weekly,Financial limitations,Career Counsellors,3,,18-20
93,18/08/2026 19:02:20,24–26,Female,Postgraduate,"Yes, I have a clearly defined career goal",Information Technology / Computer Science,Freelancing / Self-employment,4,Very well,"Technical / Job-specific skills, Communication skills, Problem-solving skills, Leadership skills, Teamwork / Collaboration, Time management, Digital skills, Adaptability / Flexibility",4,"Yes, multiple times",Several times a week,"Lack of practical experience, Lack of time","Teachers / Professors, Parents / Family, Friends / Peers, Online Courses / Learning Platforms, Websites / Career Portals, Social Media",4,,24-26
94,18/08/2026 19:31:46,36,Male,Graduate,"No, I have not decided yet",Business / Management,Private-sector employment,1,Very well,Problem-solving skills,1,"No, but I plan to",Daily,Lack of career guidance,Parents / Family,3,What education level is this for high school college,Above 26
95,18/08/2026 21:12:50,18–20,Male,Undergraduate,I am still exploring different career options,Information Technology / Computer Science,Internship / Professional Training,4,Well,"Communication skills, Problem-solving skills, Teamwork / Collaboration, Time management, Digital skills, Adaptability / Flexibility",2,"No, I have not participated",Occasionally,"Lack of required skills, Lack of practical experience, High competition, Lack of time","Teachers / Professors, Parents / Family, Friends / Peers, Career Counsellors",3,,18-20
96,18/08/2026 21:15:34,Above 26,Male,Graduate,"Yes, I have a clearly defined career goal",Finance / Banking,Private-sector employment,5,Very well,Communication skills,5,"No, I have not participated",Daily,"Lack of required skills, High competition","Parents / Family, Friends / Peers",4,Please add more career counseling sessions and resume building workshops. And Online skill courses should be made free or affordable for students.,Above 26
97,18/08/2026 21:32:40,21–23,Female,Undergraduate,"Yes, I have a clearly defined career goal",Information Technology / Computer Science,Private-sector employment,4,Very well,"Technical / Job-specific skills, Communication skills, Problem-solving skills, Teamwork / Collaboration, Adaptability / Flexibility",3,"Yes, once",Weekly,"Lack of practical experience, High competition","Teachers / Professors, Online Courses / Learning Platforms, Websites / Career Portals, Social Media",4,"Students should develop practical skills, gain information through internship, improve communication, and regularly learn new skills to become career - ready.",21-23
98,18/08/2026 21:40:04,Above 26,Female,Graduate,"Yes, I have a clearly defined career goal",Business / Management,Freelancing / Self-employment,5,Very well,Time management,4,"No, I have not participated",Daily,"Lack of required skills, Lack of confidence, Lack of time",Parents / Family,4,,Above 26
99,18/08/2026 21:58:17,18–20,Female,Undergraduate,"Yes, I have a clearly defined career goal",Information Technology / Computer Science,Internship / Professional Training,4,Moderately,"Technical / Job-specific skills, Communication skills, Problem-solving skills, Leadership skills, Teamwork / Collaboration, Time management, Analytical / Critical thinking, Digital skills, Adaptability / Flexibility",2,"Yes, once",Several times a week,"Lack of required skills, Lack of career guidance, Lack of confidence, Communication skills","Teachers / Professors, Friends / Peers, Career Counsellors, Online Courses / Learning Platforms, Websites / Career Portals, Social Media",3,,18-20
100,18/08/2026 22:22:51,18–20,Male,Undergraduate,I have a general idea about my career goal,COMUTER NETWORK AND HARDWARE,Private-sector employment,3,Moderately,"Technical / Job-specific skills, Communication skills, Problem-solving skills, Leadership skills, Teamwork / Collaboration, Time management, Adaptability / Flexibility",4,"Yes, multiple times",Several times a week,"Lack of career guidance, Lack of practical experience, Lack of time","Teachers / Professors, Friends / Peers, Online Courses / Learning Platforms, Websites / Career Portals, Social Media, Industry Professionals",4,START WORKING SOON,18-20
101,18/08/2026 22:43:36,Below 18,Female,Undergraduate,I have a general idea about my career goal,Information Technology / Computer Science,Government employment,5,Very well,"Problem-solving skills, Analytical / Critical thinking, Adaptability / Flexibility",4,Currently participating,Weekly,Lack of practical experience,"Parents / Family, Online Courses / Learning Platforms",4,Hardworking,Under 18
102,18/08/2026 22:56:05,Above 26,Male,Postgraduate,"Yes, I have a clearly defined career goal",Information Technology / Computer Science,Private-sector employment,5,Very well,Problem-solving skills,4,"Yes, multiple times",Occasionally,Uncertainty about career choice,Industry Professionals,5,,Above 26
103,18/08/2026 23:01:26,Below 18,Male,School,I have a general idea about my career goal,Information Technology / Computer Science,Private-sector employment,3,Well,"Technical / Job-specific skills, Communication skills, Problem-solving skills, Analytical / Critical thinking",2,"No, I have not participated",Daily,Lack of time,"Websites / Career Portals, Social Media",2,No,Under 18
104,19/08/2026 09:38:53,18–20,Male,Undergraduate,I have a general idea about my career goal,Finance / Banking,Private-sector employment,4,Well,Communication skills,3,"Yes, multiple times",Several times a week,"Lack of practical experience, Financial limitations",Friends / Peers,3,No sir,18-20
105,19/08/2026 10:18:55,21–23,Male,Undergraduate,I have a general idea about my career goal,Government / Public Sector,Government employment,4,Very well,"Technical / Job-specific skills, Communication skills, Problem-solving skills, Leadership skills, Teamwork / Collaboration, Time management, Analytical / Critical thinking, Adaptability / Flexibility",3,"Yes, once",Several times a week,"High competition, Lack of time",Parents / Family,3,,21-23
106,19/08/2026 11:50:14,Below 18,Male,Higher Secondary / 12th Grade,"Yes, I have a clearly defined career goal",Education / Teaching,Government employment,4,Well,Communication skills,4,"No, but I plan to",Weekly,Lack of career guidance,Teachers / Professors,4,,Under 18
107,19/08/2026 17:58:46,32,Female,Higher Secondary / 12th Grade,"Yes, I have a clearly defined career goal",Business / Management,Freelancing / Self-employment,5,Very well,"Communication skills, Problem-solving skills, Leadership skills, Time management, Analytical / Critical thinking",5,"Yes, multiple times",Daily,I don't Know,Teachers / Professors,5,They Should Study Hard & also get understand the concept,Above 26
108,19/08/2026 19:31:04,18–20,Female,Undergraduate,I am still exploring different career options,Information Technology / Computer Science,Government employment,2,Moderately,"Technical / Job-specific skills, Communication skills, Problem-solving skills",3,"Yes, once",Weekly,"Lack of required skills, Lack of practical experience","Parents / Family, Online Courses / Learning Platforms, Websites / Career Portals",3,No,18-20
109,20/08/2026 13:41:29,18–20,Male,Undergraduate,I have a general idea about my career goal,Information Technology / Computer Science,Private-sector employment,4,Well,"Technical / Job-specific skills, Communication skills, Problem-solving skills, Leadership skills, Teamwork / Collaboration, Time management, Analytical / Critical thinking, Digital skills, Adaptability / Flexibility",3,"Yes, once",Weekly,"Lack of required skills, Lack of career guidance, Lack of practical experience",Teachers / Professors,3,,18-20
110,20/08/2026 17:41:35,18–20,Female,Undergraduate,"Yes, I have a clearly defined career goal",Information Technology / Computer Science,Private-sector employment,5,Very well,"Technical / Job-specific skills, Communication skills, Problem-solving skills, Time management, Analytical / Critical thinking, Digital skills",4,"Yes, multiple times",Daily,"Uncertainty about career choice, Lack of time","Teachers / Professors, Online Courses / Learning Platforms, Websites / Career Portals",5,,18-20
111,20/08/2026 19:38:53,18–20,Male,Undergraduate,I have a general idea about my career goal,Information Technology / Computer Science,Entrepreneurship / Starting a Business,3,Moderately,"Technical / Job-specific skills, Communication skills, Teamwork / Collaboration, Time management",3,"Yes, once",Weekly,"Lack of required skills, Lack of career guidance, Lack of practical experience, Lack of confidence, High competition","Teachers / Professors, Parents / Family, Friends / Peers",4,Open your own business don't work under someone,18-20
112,20/08/2026 23:16:56,18–20,Female,Undergraduate,"Yes, I have a clearly defined career goal",Indian Navy,Government employment,5,Well,"Communication skills, Problem-solving skills, Leadership skills, Teamwork / Collaboration",3,"No, but I plan to",Daily,High competition,"Teachers / Professors, Websites / Career Portals",4,"To improve career readiness, students should focus on practical skills, practical internships, and strong communication skills alongside academics. Colleges should organize regular career counseling, skill development workshops, and industry exposure programs to help students understand real-world requirements.",18-20
113,21/08/2026 14:24:05,18–20,Male,Undergraduate,I have a general idea about my career goal,Information Technology / Computer Science,I am still undecided,4,Very well,"Technical / Job-specific skills, Communication skills, Problem-solving skills, Leadership skills, Teamwork / Collaboration, Time management, Analytical / Critical thinking, Digital skills, Adaptability / Flexibility",2,"No, but I plan to",Several times a week,"Lack of required skills, Lack of practical experience, Financial limitations, Lack of confidence, High competition",Teachers / Professors,2,,18-20
114,21/08/2026 16:40:36,18–20,Female,Undergraduate,I have a general idea about my career goal,Information Technology / Computer Science,I am still undecided,4,Well,"Technical / Job-specific skills, Communication skills, Problem-solving skills, Leadership skills, Teamwork / Collaboration, Time management, Analytical / Critical thinking, Digital skills, Adaptability / Flexibility",5,"No, but I plan to",Several times a week,"Lack of required skills, Lack of career guidance, Lack of practical experience, Lack of confidence, High competition, Lack of time","Teachers / Professors, Social Media, Industry Professionals",5,Nothing,18-20
115,21/08/2026 18:59:32,Below 18,Female,School,I have a general idea about my career goal,Government / Public Sector,Government employment,5,Very well,Adaptability / Flexibility,3,Currently participating,Weekly,"Lack of career guidance, Lack of practical experience, High competition","Teachers / Professors, Social Media",4,Chose your path wisely,Under 18
116,21/08/2026 19:52:37,18–20,Female,Undergraduate,I am still exploring different career options,Finance / Banking,Government employment,4,Slightly,Time management,5,"No, I have not participated",Never,"Lack of career guidance, Lack of confidence, High competition",Parents / Family,3,,18-20
117,21/08/2026 21:54:33,18–20,Female,Undergraduate,I have a general idea about my career goal,Information Technology / Computer Science,Internship / Professional Training,3,Well,Communication skills,2,"Yes, once",Weekly,Lack of confidence,Online Courses / Learning Platforms,3,"Colleges should provide practical training, career guidance, internships, and interview practice. This will help students improve their skills, gain confidence, and prepare for their future careers.",18-20
118,22/08/2026 06:32:14,24–26,Female,Postgraduate,I have a general idea about my career goal,Education / Teaching,Government employment,4,Well,"Problem-solving skills, Leadership skills, Teamwork / Collaboration, Time management, Analytical / Critical thinking, Digital skills, Adaptability / Flexibility",4,"Yes, multiple times",Daily,"High competition, Lack of time",Teachers / Professors,4,,24-26
119,25/08/2026 20:40:19,18–20,Female,Undergraduate,"Yes, I have a clearly defined career goal",Government / Public Sector,Government employment,5,Very well,"Communication skills, Problem-solving skills, Leadership skills, Teamwork / Collaboration, Time management, Digital skills",3,"Yes, once",Several times a week,High competition,Social Media,5,,18-20
120,26/09/2026 23:36:52,21–23,Female,Undergraduate,I have a general idea about my career goal,Information Technology / Computer Science,Internship / Professional Training,3,Well,"Technical / Job-specific skills, Communication skills, Problem-solving skills, Leadership skills, Teamwork / Collaboration, Time management",3,"Yes, multiple times",Several times a week,"Lack of required skills, Lack of practical experience","Teachers / Professors, Online Courses / Learning Platforms, Social Media",3,,21-23
121,29/09/2026 07:16:36,45,Male,Diploma Student,I am still exploring different career options,Media / Design / Creative Field,Private-sector employment,1,Very well,Digital skills,1,"Yes, multiple times",Daily,Lack of required skills,"Teachers / Professors, Social Media",1,,Above 26
